first_name,last_name,birthday,address,email,phone,years_as_customer
Douglas,King,1971-01-29,"367 Misty Estates East Ryan, SD 62015",DouglasKing@outlook.com,6869790030,8
Michael,Pacheco,1983-11-10,"501 Patel Common North Michael, IL 66862",M.Pacheco@live.com,8765261927,4
Sharon,Scott,1986-07-12,"3341 Michelle Court Suite 527 West Andrewfort, ID 49479",SharonScott@live.com,8037723887,2
Douglas,Casey,1965-07-25,"80017 Carolyn Square Apt. 993 Lake Anthony, AR 47435",D.Casey@live.com,6637142695,9
Steven,Holt,1978-04-20,"44316 Christina Ford Apt. 295 Allenstad, MS 57878",Steven.H@gmail.com,7877653277,10
Kelly,Rubio,2003-08-16,"12608 Johnson Glen Suite 636 Keithside, SD 61054",KellyRubio@msn.com,8179059508,6
Bonnie,Pierce,1994-12-27,"86295 Kevin Walk Apt. 051 Sarahberg, HI 82214",KellyRubio@msn.com,8457958710,5
Ashley,Ross,1970-02-07,"23613 Tyler Summit Apt. 281 Coxview, NJ 86078",Ashley.R@aol.com,7288128116,4
Shawn,Lee,1968-09-19,"17286 Anita Mills Apt. 379 Churchhaven, ID 66539",ShawnLee@hotmail.com,7512973664,5
Richard,Harvey,1991-09-30,"90779 Woodward Terrace Port Tina, LA 22695",Richard.H@yahoo.com,6761206117,4
Katherine,Berry,1961-03-29,"2312 Berry Vista Schroederfurt, AK 23851",Katherine.B@outlook.com,6780727915,3
Mary,Patterson,1980-10-14,Unit 7115 Box 3424 DPO AE 89948,MaryPatterson@outlook.com,9040633168,3
Sherri,Marsh,1974-01-09,Unit 9173 Box 3691 DPO AP 73460,SherriMarsh@msn.com,8153953755,8
Randy,Ross,1957-04-29,"4719 Jones Roads Suite 925 Rhondaview, WI 78268",RandyRoss@hotmail.com,9739909631,1
Taylor,Johnson,2003-10-03,"874 Moore Key West Kelli, MI 85023",T.Johnson@aol.com,9639430101,10
Lindsey,Wheeler,1986-01-10,"386 Powell Mountain North Sarah, MS 18802",L.Wheeler@outlook.com,9012637098,10
Madison,Wolf,1976-02-16,"1609 Smith Valley Sarahside, MI 27939",MadisonWolf@msn.com,7936185064,7
Tracy,Adams,1990-07-01,"265 Lori Forge Apt. 525 Wilkinsfort, KY 32121",MadisonWolf@msn.com,9415131801,9
Michael,Alvarado,1957-09-27,"99281 Carla Circles Lake Samuel, ND 84768",Michael.A@aol.com,9214866234,1
Jonathan,Drake,1976-06-25,"34778 Lawson Forest Laurastad, KY 50072",JonathanDrake@yahoo.com,6927462150,10
Jordan,Fisher,1959-03-15,"31862 Gomez River Suite 245 Kyleville, WY 62748",JordanFisher@aol.com,9460686463,9
Larry,Brewer,1973-10-18,"03389 Jody Crest Fergusonberg, AR 49991",LarryBrewer@msn.com,6412167941,6
David,Smith,1971-01-12,"314 Decker Island Apt. 821 Gloverhaven, AK 07529",D.Smith@msn.com,8610745095,3
Jamie,Stafford,1976-12-05,"735 Stewart Forest Apt. 464 Rodriguezville, WA 19287",D.Smith@msn.com,7050328137,3
Kimberly,Ward,1971-07-20,"9151 Hoffman Circles Suite 075 Williammouth, NV 03771",Kimberly.W@aol.com,7174324065,10
Zachary,Melendez,1955-10-22,"6729 Melissa Drive New Eric, PA 23687",Zachary.M@aol.com,6074486796,3
Ashley,Rose,1990-08-17,"600 Samantha Courts Nicholasmouth, OR 90755",AshleyRose@live.com,7726573128,6
Eric,Walker,1955-01-07,"7011 Blair Village Suite 275 Jessicachester, NH 26703",Eric.W@hotmail.com,7680367797,7
Lance,Nelson,1997-01-11,"090 Rachel Square Suite 369 Dennistown, HI 83540",L.Nelson@outlook.com,7507031740,5
Kyle,Mitchell,1984-10-04,"318 Blair Summit Suite 511 Lawsonshire, MS 71190",L.Nelson@outlook.com,6732435657,5
Julie,Murphy,1973-01-18,"888 Hicks Valleys Suite 954 Bryantborough, FL 89677",L.Nelson@outlook.com,9463309420,1
Tracey,Norton,2002-11-27,"67092 Chen Mews Suite 314 Martinville, NM 75227",Tracey.N@outlook.com,6076630152,2
John,Goodwin,1982-07-21,"7816 Jonathan Route Apt. 196 Wilsonmouth, DE 33452",J.Goodwin@aol.com,9293808384,2
Hannah,Fletcher,1992-06-03,"0796 Johnson Manors Suite 789 East Deborahfort, RI 39476",Hannah.F@hotmail.com,7285474275,8
Donna,Young,1997-05-15,"45088 Scott Camp West Kimberlyfort, VA 97854",Donna.Y@live.com,8824412724,10
William,Thompson,1999-03-08,"40532 Kelly Port South Natalie, TN 94847",WilliamThompson@aol.com,7624387361,4
Jennifer,Brown,1984-11-07,"788 Stacy Points Suite 811 Fergusontown, ID 83640",JenniferBrown@hotmail.com,7161387319,6
Sarah,Henry,1988-10-28,"82461 Howe Camp Suite 755 Lake Nicolebury, AR 42615",Sarah.H@yahoo.com,9424908041,5
Dylan,Jensen,1960-04-06,"7138 Mullen Mews Suite 183 West Christophertown, WV 81419",DylanJensen@aol.com,7335556397,7
Shannon,Johnson,1960-05-15,"93730 Amy Glens New Angela, NC 08985",ShannonJohnson@msn.com,9860657322,9
Melissa,Pope,1963-03-10,"498 Richard Glen Toddville, KY 09000",Melissa.P@yahoo.com,8196546318,9
Joanne,Larson,1984-04-03,"7819 Solis Flat Mezachester, LA 49140",JoanneLarson@aol.com,8377741385,5
Daniel,Wagner,1997-07-28,"180 Rodriguez Highway East Evelynstad, DE 02061",JoanneLarson@aol.com,9085082813,8
Emily,Jackson,1983-07-12,"808 Erin Camp Suite 480 Port Edwardmouth, IN 84909",E.Jackson@hotmail.com,7178576930,10
Sally,Freeman,1990-06-14,"991 Reed Place Suite 266 Aliciashire, SC 68376",Sally.F@msn.com,6168040097,2
Emily,Washington,1964-07-30,"34295 John Pike Apt. 646 Chadfurt, ID 42704",Sally.F@msn.com,7440906076,8
Heather,Stewart,1957-11-19,"67583 Joshua Station Randyfort, OH 43708",HeatherStewart@outlook.com,7394309740,4
Jordan,Williams,1995-11-30,"508 Buck Mount Suite 856 Angelfurt, MT 56253",J.Williams@msn.com,7318081379,7
James,Smith,1987-01-17,"41659 Thomas Squares Ayalahaven, IA 54840",JamesSmith@gmail.com,8348762460,3
Jeremy,Chambers,1982-12-06,"02540 Jason Burgs Apt. 180 North Ericburgh, MN 92238",JeremyChambers@yahoo.com,8991699166,4
Julia,Perez,1994-01-24,USS Solomon FPO AE 03650,JuliaPerez@gmail.com,9898278312,4
Daniel,Mcintosh,1964-07-14,"52714 Shannon Plain South Gregory, AK 79876",D.Mcintosh@yahoo.com,6550121290,2
Joshua,Sweeney,1993-04-03,"7268 Pham Courts Suite 098 West Teresa, NJ 69823",J.Sweeney@outlook.com,7281675217,1
Kimberly,Smith,1957-03-27,"2726 Darren Lock Suite 621 Morristown, FL 82047",Kimberly.S@live.com,6188432097,3
Anthony,Rodriguez,1994-10-09,"534 Taylor Cliffs Suite 944 Harrisfurt, RI 68634",Kimberly.S@live.com,9610941385,3
Amanda,Howell,1966-01-07,"7861 Tran Rue Apt. 646 East Russell, NE 19689",AmandaHowell@yahoo.com,8684030871,10
Melinda,Swanson,1988-11-21,"7009 Marshall Lake Beckerfort, GA 94208",MelindaSwanson@aol.com,8123610670,1
Christopher,Rodriguez,1987-09-24,"PSC 8493, Box 2362 APO AE 63298",C.Rodriguez@outlook.com,8281088743,3
Jacob,Carlson,1974-12-09,"715 Dylan Fords Port Christopherport, KY 07292",J.Carlson@live.com,6457847566,2
Angela,Lopez,1987-05-07,"630 Joseph Roads Jesseburgh, TX 91125",AngelaLopez@hotmail.com,7202796174,4
Austin,Ibarra,1957-04-02,"896 Long Greens Apt. 643 New Angelaport, NJ 15913",AngelaLopez@hotmail.com,9216805260,9
Selena,Mcgee,1964-04-23,"13551 Vanessa Hollow Apt. 573 South Michelle, WI 53330",AngelaLopez@hotmail.com,8533507446,2
Jimmy,Lee,1978-10-18,"43281 James Field Johnsonberg, CA 06027",JimmyLee@yahoo.com,8773285334,7
Kristen,Watkins,1995-11-19,"0349 Cordova Station Suite 799 Kimtown, AR 79227",Kristen.W@aol.com,8388927702,1
Roger,Guerrero,1973-05-19,"30295 Oneal Key Apt. 088 East Katie, WY 90942",Roger.G@outlook.com,9294027982,8
Brian,Keith,1959-10-22,"5813 Amy Bypass Victorialand, CA 75038",B.Keith@outlook.com,7634773611,6
Brenda,Reyes,1992-05-24,"053 Rowe Fort Apt. 917 Port Karenshire, NJ 17153",B.Reyes@live.com,9631936377,2
Alice,Jordan,1993-12-13,"072 Harvey Loop East Kayla, VA 24480",B.Reyes@live.com,9309705399,2
Candice,Mcconnell,1981-06-08,USNV Terrell FPO AA 96948,B.Reyes@live.com,6679641766,1
Alyssa,Turner,1992-06-20,"13332 Webster Branch New Brittneytown, DC 75143",Alyssa.T@msn.com,8179626004,1
Alexis,Lewis,1993-02-21,"391 Carrie Mews Suite 042 Scottstad, CA 88245",Alyssa.T@msn.com,8721355530,2
Karen,Conway,1983-06-06,"5655 Mendoza Track Port Andrew, OR 77700",KarenConway@live.com,6093809925,10
Ruth,Molina,1954-06-15,"4637 Wilson Key Janicechester, KS 95262",RuthMolina@live.com,9705663663,5
Tracy,Reid,1975-09-21,"225 Rick Gateway West Jamesburgh, LA 74750",T.Reid@live.com,9565417919,3
Sarah,Washington,1981-03-22,"973 Evan Mall Suite 303 Port Veronica, CO 23718",SarahWashington@aol.com,9012014928,7
Nicole,Lee,1996-05-01,"375 Kerry Pike New Travis, WY 31115",SarahWashington@aol.com,6621220738,3
Angel,Benitez,1991-05-23,"1841 Briana Branch Lopezton, WI 68370",AngelBenitez@aol.com,9556030340,8
Kelsey,Robinson,1968-01-12,"5474 Olson Mission Apt. 019 Scottchester, NY 48215",KelseyRobinson@aol.com,7785248397,3
Crystal,Clark,1977-12-01,"994 Montgomery Pike Port Kevin, NE 64277",Crystal.C@msn.com,6937494081,7
Leah,Byrd,1968-02-24,"88973 Gordon Well New Danielle, SD 13945",Leah.B@aol.com,9903313438,7
Douglas,Mcdaniel,1967-10-29,"PSC 6946, Box 6807 APO AP 91298",Leah.B@aol.com,9440931001,1
Patrick,Garcia,1962-09-19,"762 Wall Rapid Port Eric, MA 06711",PatrickGarcia@yahoo.com,8698598349,4
Alexis,Gibbs,1986-09-26,"18581 Franklin Tunnel Apt. 299 South Bryan, ID 34667",Alexis.G@yahoo.com,9347635263,8
John,Quinn,1976-05-11,"278 Castillo Knoll Suite 731 Port Davidshire, ND 67057",Alexis.G@yahoo.com,9468906723,1
Amy,Branch,1964-09-25,"19736 Stephanie Squares South James, NC 59588",AmyBranch@yahoo.com,9562792837,2
Jeffrey,Long,1975-02-11,"5902 Hooper Key Port Natalieland, SC 91240",AmyBranch@yahoo.com,6152248814,1
Lauren,Erickson,1987-09-12,"607 Louis Prairie Angelicachester, MI 12119",LaurenErickson@gmail.com,9612567055,10
Vincent,Vaughn,1986-11-21,"5480 Williams Isle Taylorfurt, WY 65094",V.Vaughn@outlook.com,7955151694,5
Maria,Wheeler,1988-11-02,"87084 Michael Fort South Kevinburgh, AR 59984",M.Wheeler@live.com,9682570505,8
Nancy,Gross,1967-07-13,"675 Davis Gardens Suite 593 Lake Alicia, OR 77484",M.Wheeler@live.com,7894915943,9
Shawn,Hubbard,1968-01-23,"565 Carol Ville Lake Paul, LA 72755",ShawnHubbard@msn.com,9368878393,4
Taylor,Oliver,1975-10-12,"52683 Parrish Camp Brooksport, HI 61602",T.Oliver@gmail.com,6203993127,1
Dennis,Moreno,1996-07-12,"8433 Smith Green Smithview, VA 96856",D.Moreno@yahoo.com,8698898082,1
Christopher,Miller,1968-05-18,"00506 Brown Fords Suite 544 Cherylberg, MA 08079",Christopher.M@yahoo.com,7080711442,3
April,Simmons,1984-09-15,"161 Mccormick Orchard Apt. 955 West Veronica, AL 29028",April.S@outlook.com,6073186946,6
Wendy,Garcia,1969-02-07,"70341 Barnes Circles Brandonside, MS 92041",April.S@outlook.com,7955891234,5
Kimberly,Carroll,1994-04-27,"8015 Hatfield Terrace Suite 026 Gutierrezside, LA 40532",K.Carroll@outlook.com,7377920167,1
Richard,Gross,1961-07-22,Unit 7838 Box 3446 DPO AE 96408,RichardGross@gmail.com,7232912855,9
Jason,Howell,1966-09-13,"767 Jones Lakes South Brian, RI 16114",RichardGross@gmail.com,6874668120,1
Joan,Morrison,1978-12-07,"99898 Scott Pike New Kim, WY 32631",Joan.M@outlook.com,8859587472,7
Patrick,Holland,2002-09-02,"7860 Joseph Shoal Markborough, MO 22099",PatrickHolland@live.com,6251300175,3
William,Mccormick,1955-12-05,"884 Lisa Path Suite 176 Lake Luis, CT 59347",W.Mccormick@msn.com,7546830496,10
Caleb,Berry,1965-03-30,"70977 Marshall Valleys Suite 743 West David, TX 41972",Caleb.B@msn.com,9650171907,2
Gabriel,Sloan,1996-11-09,"618 Ibarra Springs North Karenland, RI 37238",G.Sloan@aol.com,6276393988,1
Corey,Burton,2002-06-21,"08047 Hartman Village Suite 506 Davismouth, DC 24624",G.Sloan@aol.com,6317862288,6
Jeffrey,Hunt,1971-08-10,"190 Donald Islands Richardburgh, TN 38308",G.Sloan@aol.com,8358618888,5
Aaron,Martin,1965-03-15,"016 Emily Isle Lisabury, ID 85825",AaronMartin@yahoo.com,7942456733,7
Laura,Mann,1975-12-30,"3199 Jackson Passage Hansonburgh, IL 30560",AaronMartin@yahoo.com,9928422323,7
Matthew,Walker,1969-05-15,"980 Smith Lakes Suite 237 Lake Benjamin, CA 92223",AaronMartin@yahoo.com,9077924845,4
Sean,Robinson,1999-07-25,"88071 Nancy Meadow Apt. 386 New Francisco, OR 98396",SeanRobinson@hotmail.com,8569605833,8
Gabriel,Wright,1991-01-05,"03060 Mccarthy Highway Watkinsborough, PA 66798",G.Wright@hotmail.com,7571989753,8
Todd,Miller,1976-02-23,"38254 Reeves Underpass Apt. 902 Craigborough, WA 36582",T.Miller@msn.com,9230720852,1
Kathleen,Hutchinson,1999-06-05,"8908 Nelson Forge Mcguireborough, AR 99548",K.Hutchinson@live.com,6554296058,4
Erin,Martinez,1975-01-16,"5365 Donald Islands Blairview, IL 93191",Erin.M@live.com,8829247324,6
Robin,Duncan,1968-12-28,"1054 Rachel Pass Suite 237 Normanberg, MI 43250",Robin.D@aol.com,9631673869,1
Leslie,Anderson,1968-02-17,"384 Jackson Oval Lake Carol, ID 71821",Leslie.A@yahoo.com,6767315191,7
Jasmine,Watson,1988-06-12,"2622 Gavin Points Catherinehaven, CO 54430",Leslie.A@yahoo.com,9463429195,5
James,Davis,1997-08-04,"00414 Mason Ridges Lake Elizabethton, WA 38882",JamesDavis@outlook.com,9637633955,3
Dwayne,Stevens,1983-05-12,"51634 Eric Flat North Emilystad, OR 43968",D.Stevens@hotmail.com,7863573392,1
Chad,Vega,1977-06-30,"805 Strong Crossing Randolphchester, AR 05083",D.Stevens@hotmail.com,7484593578,2
John,Burns,1996-08-28,"67649 Cooke Spur Suite 109 East Amberville, SD 23735",D.Stevens@hotmail.com,7657663430,4
Brian,Reyes,1977-07-28,"9487 Cole Wells East Ralphburgh, OH 54460",D.Stevens@hotmail.com,8541193272,10
Samantha,Webb,1967-09-11,"8418 Christine Hills Suite 597 West Moniquechester, VA 02636",D.Stevens@hotmail.com,7627831853,6
Alexandra,Herman,1959-06-25,Unit 2358 Box 1037 DPO AE 95159,AlexandraHerman@live.com,8530610754,4
Scott,Harris,1968-02-22,"7416 Humphrey Motorway Suite 157 North Michelle, AK 57918",ScottHarris@yahoo.com,9765577311,10
Matthew,Horton,1987-05-22,"6169 Buchanan Brook Reedside, WA 08019",M.Horton@aol.com,6163877016,10
Sharon,Collins,1992-02-26,"8592 Zachary Forge Lake Rebecca, CA 41567",M.Horton@aol.com,6422905769,10
Michael,Reed,1999-10-12,"8697 Justin Underpass Apt. 107 East Hannahland, AK 35143",M.Reed@yahoo.com,6170982017,3
Mark,Moore,2000-07-26,"469 Shawn Points Obrienbury, ND 02611",M.Moore@yahoo.com,8851445392,2
Gabrielle,Brennan,1956-08-08,"38509 Jessica Streets Apt. 954 West James, MA 29321",Gabrielle.B@yahoo.com,6652617055,3
Richard,Willis,1987-10-26,"987 Sawyer Common Suite 614 Johnsonborough, IL 72356",Richard.W@msn.com,7430675508,10
Christopher,Kim,1976-05-03,"4225 Shaffer Corner South Dana, SD 30324",Richard.W@msn.com,8973099657,5
Laura,West,1975-01-02,"1585 Sherry Mountains Suite 365 East Andrewborough, DE 63936",Richard.W@msn.com,6062257898,2
Guy,Hernandez,1964-11-15,"94127 Medina Viaduct Apt. 613 Port Catherineport, IL 27235",G.Hernandez@msn.com,7365172416,7
Dana,Smith,1966-06-18,"984 Charles Turnpike Apt. 856 Lake Stephaniebury, MT 39765",G.Hernandez@msn.com,9302869624,3
William,Fields,1986-02-11,"98374 Brian Prairie Apt. 176 Port Benjaminfort, OR 45164",W.Fields@hotmail.com,6267050454,6
Jeremy,Jacobson,1999-12-28,"401 James Plains Suite 400 Lake Matthew, NE 63163",JeremyJacobson@live.com,7511888279,8
Jeffrey,Carter,1955-06-15,"9888 Veronica Drive Apt. 372 Josephmouth, CT 38303",JeremyJacobson@live.com,9686131786,9
Jeanne,Jimenez,1991-07-14,"PSC 6238, Box 3612 APO AP 67248",JeanneJimenez@outlook.com,6326779075,4
Christopher,Garcia,1986-03-11,"563 Megan Neck Lake Marieville, WI 72026",Christopher.G@outlook.com,8741228617,2
Justin,Roberts,1964-10-22,"254 Mark Shoals Suite 334 Port David, MO 74853",Christopher.G@outlook.com,9181386043,4
Jasmine,Anderson,1956-08-07,"121 Thompson Neck Lowefort, LA 07483",J.Anderson@hotmail.com,9119040508,3
James,Smith,1990-06-04,"867 Dennis Greens Suite 702 Mendozamouth, ID 26465",J.Smith@gmail.com,8283628045,4
Patricia,Barnes,1957-05-03,"2120 Smith Vista Apt. 854 Lake Jason, DE 33806",Patricia.B@hotmail.com,7063118800,1
Shannon,Barker,1961-11-14,"4793 Michael Knolls Davisshire, CA 68718",S.Barker@msn.com,6291750092,7
Jean,Rodriguez,1999-04-21,"2553 Rice Cove Apt. 353 New Thomasport, NM 30459",S.Barker@msn.com,9160000580,4
Edwin,Gordon,2003-03-02,"7577 Matthews Shores West Sharonchester, IN 10820",S.Barker@msn.com,6242855924,7
John,Powell,1977-01-04,"38290 Brittany Shores Apt. 731 Pamelafurt, RI 13292",JohnPowell@aol.com,8319306178,6
James,Lang,1956-04-25,"35137 Payne Plain Apt. 411 Scottbury, VT 21249",James.L@msn.com,8656801681,9
Raymond,Graham,1989-10-10,"483 Susan Forges Apt. 303 Lake Annaborough, WY 48080",Raymond.G@yahoo.com,7132766611,3
Timothy,Moore,1965-11-04,"4137 Kristen Tunnel Suite 269 Port Tristan, MI 69964",TimothyMoore@gmail.com,7096819102,9
Eileen,Smith,1972-03-13,"03530 Bryan Port Paulhaven, WA 06090",EileenSmith@outlook.com,9514140415,4
Joshua,Bond,1997-12-18,"292 Foley Hollow Lake Robert, ID 14970",EileenSmith@outlook.com,7085721789,10
Rebecca,Schmidt,1955-11-08,"059 Justin Well North Charlesside, DE 42571",Rebecca.S@aol.com,7017265199,6
Timothy,Crawford,1962-08-31,"359 Brenda Ville Suite 927 North Dawnchester, OK 96160",T.Crawford@aol.com,6602052325,9
Kathryn,Callahan,1964-12-22,"1434 Hughes Place Apt. 845 Lindafort, DE 83635",KathrynCallahan@gmail.com,7156379658,6
Courtney,Morrison,1974-03-30,"7900 Julian Glens Vasquezport, SD 95517",C.Morrison@hotmail.com,6266381465,4
Travis,Hernandez,1991-05-12,"8132 Pena Pines Wagnerville, IN 32877",Travis.H@outlook.com,7536043134,2
William,Anderson,1986-02-26,USCGC Ferrell FPO AA 90267,W.Anderson@outlook.com,6306886427,2
Melanie,Ramos,1963-09-12,"79448 Danielle Court Suite 087 Jessicamouth, MD 26453",M.Ramos@outlook.com,9127318940,5
Sandra,Mays,1986-07-08,"102 Sarah Haven Melanieland, WA 24548",SandraMays@yahoo.com,9503875221,8
Charles,Wright,1965-07-22,"866 Wilson Circle Apt. 351 New Brendaton, WI 02423",CharlesWright@gmail.com,8947852248,2
Mark,Koch,1992-12-05,"12985 Tammy Trace Suite 046 Romeroville, IL 47138",CharlesWright@gmail.com,8598615884,7
Paul,Fleming,2003-01-27,"317 Melissa Oval Suite 877 Lake Robertburgh, KS 29529",Paul.F@live.com,6108696612,9
Gina,Murphy,1974-05-06,Unit 3488 Box 1258 DPO AP 84779,Gina.M@aol.com,9606135978,7
Ann,Lewis,1995-09-19,"424 Sutton Stravenue Suite 449 Port Deborah, ND 95625",Ann.L@live.com,9447591768,4
Michael,Jones,1963-06-01,"93220 Martinez Extension Royside, SC 62867",Ann.L@live.com,9755886368,6
Nicole,Mitchell,1976-02-16,"8558 Brittany Orchard West Johnchester, MN 27921",N.Mitchell@yahoo.com,9179535646,3
Angela,Wright,1976-01-15,"1236 Jacqueline Well Lake Amytown, ME 47858",Angela.W@gmail.com,6640348474,4
Elizabeth,Matthews,1989-08-05,"783 Mariah Turnpike Apt. 749 New Courtney, KS 59340",Elizabeth.M@yahoo.com,9823099491,1
Rebecca,Mata,1990-09-16,"9008 Courtney Turnpike Suite 353 West Natashatown, CT 21345",Elizabeth.M@yahoo.com,9850339874,5
Theresa,Riley,1982-05-09,"6944 Grace Light Port Paigetown, NH 43845",Theresa.R@outlook.com,9724685207,8
Tyler,Rasmussen,1964-04-26,"4760 Joseph Isle North Andrewborough, WA 30793",T.Rasmussen@outlook.com,7681146546,10
Steven,Martinez,1982-05-17,"16147 Shannon Extensions Apt. 038 Charlesfort, CT 24762",StevenMartinez@aol.com,7812141558,7
Melissa,Vargas,1967-05-25,"9965 Tracy Plains North Shannonfort, VA 81250",Melissa.V@gmail.com,6030982339,8
Theodore,Stokes,1990-11-09,"817 Mark Lights Smithburgh, SC 51351",Melissa.V@gmail.com,9843989817,10
James,Davis,1970-06-24,"67758 Samantha Square Mcbridetown, ME 97754",James.D@msn.com,9831531183,6
Sean,Brown,2003-10-16,"85973 Brown Roads Tuckerhaven, MI 18898",SeanBrown@outlook.com,8252095774,2
Scott,Marquez,1994-12-19,"1509 Dawn Mews Apt. 019 East Kyle, AK 54610",SeanBrown@outlook.com,8028224202,7
Jodi,Wood,1995-05-25,"3817 Edward Crossing Lake Jayport, NH 86436",JodiWood@aol.com,7555857162,3
Rachel,Spears,1962-09-04,"28915 Sparks Union Apt. 729 South Thomas, MD 74011",RachelSpears@hotmail.com,7640398494,6
Mark,Rodriguez,1997-08-30,"4098 Nicole Mews Suite 799 Brownhaven, GA 43561",M.Rodriguez@aol.com,7964883635,5
Leon,Logan,1993-02-18,USCGC Richards FPO AE 83252,M.Rodriguez@aol.com,7466431250,10
Mark,Roberts,1996-11-04,"8240 Davis Mission Apt. 438 Duffystad, ND 50954",Mark.R@msn.com,6807547603,6
Stephanie,Washington,1993-09-23,"522 Mcdaniel Trafficway Apt. 215 Morrisview, MN 20661",Stephanie.W@aol.com,6379315597,8
Robert,Brown,1992-07-27,"32128 Jenna Drives Suite 346 South Shelleyborough, NJ 92079",R.Brown@outlook.com,7015070696,6
Matthew,Stewart,1998-02-10,"748 Sara Shoals Suite 475 Toniburgh, CO 28158",MatthewStewart@gmail.com,6069289318,3
Stephen,Collins,1957-12-26,"10488 Joel Mountains Suite 823 Hernandezton, HI 99532",StephenCollins@hotmail.com,9354917864,1
Jill,Diaz,1965-08-10,"80381 Bailey Brook Lake Madeline, MS 89478",JillDiaz@live.com,6484727132,6
Ryan,Callahan,1989-04-06,"857 Zuniga Station Christinemouth, ME 82902",RyanCallahan@hotmail.com,9811375961,10
Joseph,Conrad,1979-04-15,"471 Stephen Village Suite 779 Jessicafort, FL 30612",J.Conrad@yahoo.com,9881954193,5
Jamie,Berry,1971-08-07,"736 Todd Center Suite 158 Woodton, VT 53496",Jamie.B@live.com,6991074665,9
Dennis,Smith,1973-01-22,"669 Lisa Shoals East Erika, DE 32425",D.Smith@outlook.com,9093533511,10
Tony,Quinn,1958-05-06,"5859 Wiley Mountains Apt. 610 Lake Regina, MI 83515",TonyQuinn@aol.com,6711036081,10
Kristen,Pham,1997-04-22,"31560 Gregory Plain New Ellenburgh, VT 84453",KristenPham@msn.com,8663724926,8
Monique,Schmitt,1997-05-10,"9122 John Walk Suite 178 Julieborough, VT 98772",MoniqueSchmitt@aol.com,7299236640,5
David,Phillips,1991-05-28,"864 Robinson Radial Apt. 247 Melvinview, UT 43011",David.P@yahoo.com,6897717766,7
Daisy,Green,1962-07-28,"418 Melton Road Waynetown, OH 08890",DaisyGreen@yahoo.com,9783912203,1
John,Mueller,1998-04-14,"82997 Matthew Corner Apt. 817 East Karen, NV 29472",J.Mueller@outlook.com,7513511175,8
Michael,Berg,1993-09-23,"058 Gutierrez Islands Garciaburgh, CA 28582",M.Berg@live.com,7355382136,10
