first_name,last_name,birthday,address,email,phone,years_as_customer
Charles,Cook,1993-05-16,"6788 Fowler Inlet Port Danielbury, SD 95916",C.Cook@msn.com,6800221173,2
Shelly,Jackson,2002-08-17,"9007 Hull Greens New Williamberg, DC 84343",ShellyJackson@hotmail.com,6557156119,8
Christopher,Craig,1956-02-01,"5443 Sellers Village Apt. 354 Heatherville, MA 24750",ShellyJackson@hotmail.com,9183308879,4
Rebecca,Foley,1966-05-17,"05374 Lopez Walks South Emilyshire, SD 91570",Rebecca.F@aol.com,9647197166,1
Emma,Moore,1994-01-02,"773 Mary Ports Wilsonstad, WY 51116",Rebecca.F@aol.com,7223712620,7
Connor,Brooks,1988-04-30,"6528 Lisa Club Suite 120 New Aimeeland, WY 15570",Rebecca.F@aol.com,9094325039,4
Renee,Burns,1961-12-10,"115 Brandon Groves Suite 394 Lake Janice, NC 49755",Rebecca.F@aol.com,6116002721,3
Julia,Drake,1983-04-28,"8807 Barton Spring Jefferymouth, HI 36484",J.Drake@aol.com,8366268573,8
Crystal,Watson,1964-12-21,"58736 Joseph Lock New Brett, DE 72179",C.Watson@outlook.com,8551698319,6
Brittany,Blake,1968-01-07,"8033 Kevin Ville Suite 831 Teresaland, OH 00970",BrittanyBlake@aol.com,9216726603,7
Pamela,Allen,1977-08-04,"83394 Evans Burgs East Jefferyview, WI 28660",Pamela.A@live.com,6111055570,5
Mary,Lewis,1959-05-02,"040 Lisa Plains South Matthewport, SD 50513",Mary.L@gmail.com,7753073000,1
Julia,Brown,1974-11-25,"276 Cook Field Apt. 744 South Elizabeth, SD 84903",Mary.L@gmail.com,7544032318,6
Shelley,Santos,1955-03-02,USNS Hoffman FPO AP 06677,ShelleySantos@aol.com,6235382785,8
Danielle,Austin,1998-06-27,"3750 Jeffrey Vista Apt. 755 Port Cory, ID 20504",D.Austin@gmail.com,8404150250,8
Robin,King,1957-12-28,"08613 Frederick Tunnel Suite 538 New Adamton, PA 24973",RobinKing@hotmail.com,7674638660,1
Laura,Morgan,1992-12-20,"105 Ryan Prairie Apt. 701 East Jamie, AR 57688",LauraMorgan@msn.com,8323267816,6
Ricardo,Mcneil,1982-01-19,"PSC 3277, Box 4205 APO AA 38125",LauraMorgan@msn.com,6140012003,6
Brenda,Norman,1969-03-05,"54604 Maldonado Walks Apt. 689 Kathleenside, KS 86702",Brenda.N@yahoo.com,6008757940,1
David,Griffin,1961-11-16,"3057 Gail Drives Brianchester, WY 27201",Brenda.N@yahoo.com,7781378994,10
John,Williams,1965-10-03,"67597 Robert Turnpike Port Michelle, IL 94153",Brenda.N@yahoo.com,9795898860,2
David,Johnson,1977-08-12,"00646 James Loaf Apt. 112 Port Daniel, SC 30250",DavidJohnson@aol.com,9252908240,2
Charles,Valdez,1993-07-22,"58477 Garcia Mills Port Kelly, OH 95869",C.Valdez@outlook.com,8950643876,7
Samantha,Cannon,1988-09-21,"4419 Brooks Courts Apt. 226 Lake Debrafurt, IL 12142",S.Cannon@yahoo.com,8620739951,1
Samuel,Kelley,1985-06-09,"588 Brian Creek Justinchester, VA 35742",S.Cannon@yahoo.com,8634300612,1
Christopher,Trujillo,1971-04-08,"42362 Michael Forges South Vanessafurt, ID 75360",S.Cannon@yahoo.com,9149802076,6
George,Williams,1971-07-12,"PSC 7661, Box 3645 APO AA 48057",S.Cannon@yahoo.com,9968946358,4
Shelby,Cunningham,1980-12-06,"723 Hardin Mall Suite 649 Valdezmouth, MO 42424",S.Cannon@yahoo.com,6090685304,8
Jessica,Williams,1987-07-16,"5372 Daniel Trafficway West Renee, NV 68245",S.Cannon@yahoo.com,6301155464,8
Daniel,Williams,1982-10-12,"72378 Anne Glen Apt. 583 Lake Amanda, TN 56787",Daniel.W@live.com,8729401879,2
Amy,Gutierrez,1977-11-10,"504 Gary Meadows Hollandland, TN 36822",AmyGutierrez@gmail.com,9923127502,5
Diana,Nelson,1962-01-28,"202 Fields Center Apt. 395 Maciastown, IN 72023",D.Nelson@live.com,7554996221,10
Joyce,Rose,1971-11-02,"48625 Christine Roads Suite 259 Kimberlyport, GA 12004",D.Nelson@live.com,8050691697,4
Joshua,Clark,1972-09-22,"PSC 2592, Box 0123 APO AA 21076",J.Clark@gmail.com,8381941636,3
Timothy,Cruz,1985-08-06,"4609 Scott Place Apt. 956 East Daniellechester, MN 04585",J.Clark@gmail.com,9741342705,3
Ronald,Jimenez,1984-09-28,"0072 Lewis Drive West Deborah, HI 48073",R.Jimenez@gmail.com,7329848951,8
Nicholas,Hess,1983-03-19,"860 Edgar Hollow Danielville, RI 21243",R.Jimenez@gmail.com,6453472495,3
John,Webb,1964-10-31,"762 April Heights Pattersontown, TN 85562",R.Jimenez@gmail.com,8531722491,7
Sue,Shah,1956-09-16,Unit 4096 Box 9291 DPO AA 00669,Sue.S@gmail.com,9218985201,7
Bryan,Smith,1995-07-28,"PSC 4189, Box 7574 APO AE 07045",Sue.S@gmail.com,9401799792,8
Timothy,Schmidt,1962-12-26,"463 Kathleen Way Suite 011 Caitlintown, MA 08118",T.Schmidt@yahoo.com,9636177123,2
Aaron,Nguyen,1975-01-21,"83675 Steele Drives South Jenna, HI 81251",A.Nguyen@gmail.com,6534822408,9
Michael,Jackson,1976-05-29,"576 Huber Circle Robertsport, OK 42156",A.Nguyen@gmail.com,9513090850,10
Jodi,Stone,1968-12-30,"2820 Michael Lane West Douglas, MD 58139",JodiStone@msn.com,9042406891,2
Shawn,Evans,1982-01-17,Unit 1840 Box 9886 DPO AE 51465,JodiStone@msn.com,9935812441,4
Bruce,Day,1982-10-24,"21195 Taylor Corners Ibarratown, IL 34707",B.Day@aol.com,8321253203,2
Marisa,Blanchard,1983-09-15,"41867 Case Islands Suite 887 Meltonton, TN 41751",M.Blanchard@hotmail.com,6944067278,1
Pam,Curry,1999-10-24,"8034 Natasha Turnpike Apt. 803 Laurastad, MN 21620",Pam.C@outlook.com,6583576178,4
Amy,Haynes,1974-01-27,Unit 8975 Box 4274 DPO AA 30440,A.Haynes@aol.com,9584719736,5
Alicia,Mcgee,1990-12-11,"5120 Brooks Gateway Apt. 545 Jasonfurt, NH 63484",AliciaMcgee@msn.com,6046067166,1
Chloe,Wilcox,1971-08-28,"6799 Scott Underpass Williamstad, RI 55887",Chloe.W@live.com,6586158997,10
Sara,Perez,1978-07-01,USNS Sanchez FPO AE 80513,SaraPerez@hotmail.com,6096922878,4
Shane,Thompson,2000-07-24,"06217 Alicia Squares Millerbury, NC 09469",SaraPerez@hotmail.com,9435534303,2
Joseph,Fisher,1981-08-02,"5817 Samantha Keys New Vickie, HI 62954",J.Fisher@gmail.com,6290821376,6
Shannon,Bailey,1955-05-18,"9156 Welch Stravenue Apt. 678 Dawnville, KY 79752",Shannon.B@aol.com,9506036410,4
Bryce,Baker,1987-07-30,"624 Calhoun Isle Suite 665 West Juan, WY 78776",BryceBaker@msn.com,9161432349,3
James,Evans,1996-06-08,"17231 Sanchez Flat Apt. 703 Jessemouth, NM 90563",J.Evans@outlook.com,6125857096,7
Pamela,Rose,1994-04-05,"912 Jessica Falls Alisonton, AZ 26718",P.Rose@aol.com,8533596073,8
Allison,Hughes,1958-12-14,"057 Cohen Rapid Woodton, WY 93585",P.Rose@aol.com,9723455724,1
Robert,Graham,1976-10-31,"4911 William Village Suite 571 Lake Taratown, MS 10319",Robert.G@hotmail.com,7003554388,4
Virginia,Graves,1978-08-21,"376 Cole Neck Apt. 470 Arthurborough, LA 16591",Robert.G@hotmail.com,9499297856,4
Christopher,Hall,1992-05-01,"6950 Teresa Via Apt. 305 South Angelabury, WV 49062",ChristopherHall@hotmail.com,6396208093,5
Veronica,Tucker,1967-11-26,"9810 Ashley Groves Apt. 755 Phillipfort, NJ 98156",Veronica.T@aol.com,9800326556,6
Joanna,Bird,1955-03-14,"0107 Ponce Knoll Bellton, ID 06274",J.Bird@yahoo.com,7954762062,4
Willie,Burgess,1989-06-12,"42037 Williams Coves Nicoleport, IA 59102",J.Bird@yahoo.com,8947557180,3
Sandra,Rice,1975-09-09,"49034 Melton Lane Clarkstad, CO 08750",SandraRice@gmail.com,9437952643,10
Mary,Patel,1963-02-15,"910 Hill Shores New Todd, MD 55977",MaryPatel@outlook.com,6451654653,3
Brian,Johnson,1956-07-23,"664 Spencer Throughway Smithmouth, DE 76177",B.Johnson@yahoo.com,8381739114,10
Todd,Hall,2002-11-21,"8350 Mark Harbors North Sean, IN 21658",ToddHall@hotmail.com,6052878157,1
Lisa,Franklin,1988-04-30,"41373 Matthew Neck West Jose, ND 46056",L.Franklin@yahoo.com,6836238054,10
Timothy,Turner,1975-04-28,"63407 Yu Canyon Marcmouth, MA 96834",L.Franklin@yahoo.com,6555969894,4
Karen,Spencer,1978-01-13,"9890 Curtis Vista Apt. 853 Gloriaville, CT 13622",Karen.S@yahoo.com,7538984064,9
Matthew,Hayes,1956-09-19,"1988 Rowland Fall Apt. 778 West Nicole, GA 55041",M.Hayes@gmail.com,9681065982,10
Laura,Turner,1994-11-17,"94924 Smith Prairie Suite 287 Tateburgh, MO 01117",LauraTurner@outlook.com,8077055541,8
Barbara,Greene,1969-03-28,"7464 Jeremy Forge Apt. 769 Robertburgh, MA 92099",B.Greene@hotmail.com,6765726505,2
Amanda,Gray,1955-09-25,"422 White Motorway Campbellhaven, IL 26449",A.Gray@yahoo.com,7387847233,3
Andres,Edwards,1978-09-08,"35850 Diaz Dam Suite 894 South Joshua, IN 87317",AndresEdwards@aol.com,6761513642,10
Troy,Smith,1980-12-27,"295 Shannon Knolls Suite 140 North Victoriahaven, ID 90550",Troy.S@yahoo.com,9774913089,2
Justin,Johnson,1988-05-11,"PSC 9803, Box 3936 APO AP 06707",Troy.S@yahoo.com,7565711815,1
Robin,Olsen,1982-10-14,"797 Andrew Passage Suite 356 Port Melissastad, MD 06601",Robin.O@hotmail.com,7091910153,10
Matthew,Browning,1964-05-21,"2816 Sarah Forks Morganburgh, LA 18012",MatthewBrowning@live.com,7731492618,2
Olivia,Weaver,1987-04-22,"03993 Michelle Estates Novakview, IL 55599",Olivia.W@live.com,8294946423,2
Christina,Hammond,1962-05-23,"7663 Barbara Plaza Suite 189 Marshallborough, WI 21846",Christina.H@hotmail.com,7789679901,7
Jeffrey,Davis,1960-10-30,"73540 Dustin Stream Apt. 122 South Robertside, ME 62161",JeffreyDavis@gmail.com,6630587450,7
Stephanie,Anderson,1956-10-11,"7436 Murphy Mission Apt. 756 Elizabethfort, AR 84033",JeffreyDavis@gmail.com,7743334881,2
Ronald,Lopez,1988-07-13,"577 Hutchinson Trafficway Suite 079 Joelbury, VA 69749",RonaldLopez@live.com,9707917940,4
Travis,Cox,1955-08-08,"7261 Catherine Crossing Suite 633 Lake Angela, ND 82472",T.Cox@hotmail.com,9977768761,4
Lauren,Johnson,1985-09-18,"1345 Whitaker Drive Murphyberg, NM 99626",L.Johnson@yahoo.com,9166812360,4
Pamela,Brown,1992-03-21,"6294 Brianna Ridges Apt. 004 Sheppardside, MN 53355",P.Brown@msn.com,7466423098,4
Lauren,Gutierrez,1963-12-08,USNV Chen FPO AP 55565,P.Brown@msn.com,6116724768,7
Jaime,Lopez,1968-03-13,"9157 Powers Avenue Apt. 363 Grahamland, SC 03002",Jaime.L@yahoo.com,8384003160,2
Margaret,Harris,1997-11-24,"80488 George Circles Suite 759 Mitchellchester, UT 85506",Jaime.L@yahoo.com,9142035929,5
Timothy,Hunter,1984-08-11,USCGC Jones FPO AE 61819,Jaime.L@yahoo.com,8481849042,1
Anthony,Gutierrez,1995-06-29,"0832 John Plaza Apt. 262 North Anne, NM 91803",A.Gutierrez@msn.com,8014498969,1
Michael,Morrison,1965-03-09,"367 Ramirez Mount Apt. 320 Michaelstad, IN 13254",A.Gutierrez@msn.com,8524573801,3
Paul,Perez,1988-09-07,"25230 Rogers Ville Whitneyshire, PA 02853",P.Perez@yahoo.com,9946840569,6
Brenda,Rice,1988-09-19,"353 Bauer Squares Apt. 304 Arnoldchester, CT 17180",B.Rice@live.com,7725867360,1
Amber,King,1986-11-12,"98356 Christina Ferry Suite 716 Sherylhaven, MS 71015",AmberKing@msn.com,9564154965,5
Kelli,Rhodes,1975-02-20,"65824 Carlson Villages East William, AL 89866",K.Rhodes@yahoo.com,6837224717,5
Ian,Ponce,1989-03-23,"045 Barnes Drives Elizabethberg, NM 18861",I.Ponce@aol.com,9313372223,9
Robert,Wells,1985-06-25,"630 Martinez Cove Suite 099 East Calebhaven, NH 81765",I.Ponce@aol.com,6918529430,3
Sarah,Davis,1965-11-03,"13833 Day Fort Suite 816 Thorntontown, PA 30981",SarahDavis@aol.com,7553387444,8
Todd,Keith,1971-11-14,"5934 Kristi Knoll Apt. 944 East Devin, LA 91901",SarahDavis@aol.com,9079714205,4
Mark,Torres,1984-07-22,"732 Tracie Skyway Port Angelafurt, AK 40401",SarahDavis@aol.com,8072064664,7
Sheila,Schneider,1968-09-07,"929 Andrea Turnpike Suite 361 New Robert, FL 21103",Sheila.S@hotmail.com,7560449113,2
Bryan,Mack,1955-06-23,"335 Andrea Circle Suite 516 Mariachester, RI 16355",Sheila.S@hotmail.com,6589222232,5
Sharon,Wilson,1972-07-08,"PSC 4615, Box 9598 APO AP 34026",Sharon.W@gmail.com,7662642003,2
Janet,Scott,1987-08-18,"26638 Jordan Mills Apt. 135 Lake Mikeside, FL 45435",JanetScott@live.com,8170470590,4
Jon,Brown,1977-01-17,"63725 Rivera Ranch East Johnny, ID 34704",J.Brown@yahoo.com,6640856419,6
Jean,Chapman,1998-03-01,USNS Chan FPO AP 25233,Jean.C@msn.com,6672562978,4
Matthew,Wiley,1968-11-12,"3596 Kimberly Ports Turnerville, TX 94008",Matthew.W@outlook.com,9424888578,5
Sydney,Haas,1966-11-09,"60167 Clinton Wall Suite 686 Edwardsland, RI 13722",SydneyHaas@gmail.com,8961850994,1
Emily,Holmes,1964-09-10,"0464 Troy Shores West Sara, WV 23236",EmilyHolmes@outlook.com,9311625317,9
Barbara,Brock,1966-05-17,"756 Christina Trail West Carolyn, ND 35074",Barbara.B@aol.com,6210693721,5
Melissa,Guerrero,1970-04-27,"30415 Stacy Lane Suite 867 Bradshawhaven, WV 35560",M.Guerrero@aol.com,7104066034,3
Angela,Benson,1966-06-09,"723 David Crossing Stephaniefurt, IN 29879",M.Guerrero@aol.com,6502503347,7
Michele,Bonilla,1995-07-09,"86167 Matthew Glens Suite 906 Palmershire, WA 40526",MicheleBonilla@hotmail.com,8103431243,2
Kelly,Dixon,1972-05-06,"3541 Hood Ville Apt. 692 New Samuel, IL 09694",Kelly.D@aol.com,6813602690,8
Anna,Turner,1996-08-25,"340 Christina Green Apt. 016 North Neil, OH 50137",Kelly.D@aol.com,9080791960,9
Dale,Carpenter,1965-09-10,"1462 Walters Grove New Kimberly, VA 85423",Dale.C@gmail.com,8751754081,10
Kevin,Obrien,1958-07-31,"015 Michael Land Suite 240 Lake Elizabeth, SC 87027",Dale.C@gmail.com,7359278276,6
Natasha,Solomon,1994-11-03,"086 William Prairie South Miguel, HI 26548",N.Solomon@gmail.com,6789197507,3
Megan,Jones,2001-10-02,"33822 Timothy Ville Suite 526 Waltersberg, WY 67711",MeganJones@hotmail.com,6732972262,5
Jessica,Sanchez,1965-07-01,"38480 Allen Burg Suite 962 Millermouth, IL 86155",J.Sanchez@aol.com,7702910229,1
Scott,Burgess,1961-11-12,"764 Carrie View Suite 637 East Danielfurt, AR 82874",ScottBurgess@live.com,7658102908,6
Luke,Nelson,1996-11-25,"129 Rodriguez Burgs Suite 322 New Matthewside, HI 50281",LukeNelson@msn.com,7997959818,3
William,Terrell,1990-04-16,"299 Cook Garden Apt. 057 North Claytonburgh, WI 18597",William.T@msn.com,7324240869,5
Mary,Lane,1986-03-15,"04976 Morris Landing Suite 042 Port Tony, MT 49135",Mary.L@msn.com,6125004208,3
Jason,Higgins,1984-03-15,"PSC 1690, Box 2798 APO AA 72224",Mary.L@msn.com,7135225038,1
John,Snyder,1987-09-28,"773 Vargas Falls Kristinstad, WY 06561",Mary.L@msn.com,8085970012,2
Robert,Martin,1969-04-27,"532 Stewart Crescent Suite 709 Thompsonshire, KY 97706",R.Martin@live.com,8239797775,5
Gregory,Morris,1991-10-13,"2392 Stacey Pine Apt. 988 Port Michaelside, AZ 17835",R.Martin@live.com,7805124217,7
Nicole,Chandler,1975-11-30,"1540 Anne Plaza Samanthahaven, NV 65390",N.Chandler@outlook.com,8412521821,5
Victoria,Cole,1969-03-06,"81017 Debra Passage Apt. 052 West Kristinbury, LA 43964",VictoriaCole@outlook.com,6059062492,7
Virginia,Combs,1990-07-18,"60602 Katelyn Tunnel Kellymouth, RI 69954",V.Combs@live.com,7369992462,10
Caitlin,Gardner,1971-05-01,"1777 Mejia Cape Suite 951 Marcchester, SC 15524",CaitlinGardner@aol.com,6913503904,2
Michael,Stevens,1963-11-07,"5605 Jennifer Ways Apt. 471 Lake Carrie, CT 29339",Michael.S@hotmail.com,9924631576,5
Sheila,Ryan,1992-09-14,"2936 Chavez Crossing Apt. 454 Anthonyton, TX 03267",Michael.S@hotmail.com,9895610515,5
Michael,Bernard,1990-06-24,"052 Rocha Lakes West Scott, NE 06396",Michael.B@live.com,9563982574,10
Beverly,Riley,1984-10-25,"100 Andrew Village Suite 760 Jamesborough, WA 68871",Beverly.R@aol.com,7961700358,3
Tracy,Clark,1961-03-24,"5022 Johnson Courts Suite 687 Lake Corybury, WY 17461",Beverly.R@aol.com,6314036300,6
Matthew,Aguirre,1974-10-07,"226 Adams Spur East Connorbury, KY 85990",M.Aguirre@gmail.com,9970274643,3
John,Marshall,1959-08-11,"51843 Jackson Cliffs Apt. 122 New John, IN 29058",M.Aguirre@gmail.com,8376373491,1
Brandon,Stewart,1975-05-29,"22190 Melissa Mount North Bailey, MS 27245",M.Aguirre@gmail.com,7560076313,5
Joshua,Torres,1958-07-06,"2332 Williams Mount West Audrey, DE 20730",Joshua.T@aol.com,6356421541,2
Timothy,Schneider,1986-08-22,"592 Guzman Via East Joseph, NH 50252",Timothy.S@hotmail.com,7638766580,8
Brittany,Brown,1974-10-08,"3617 Wyatt Springs Apt. 779 Jasonmouth, HI 64948",BrittanyBrown@yahoo.com,8104985641,2
Alexis,Avery,1987-01-31,"68529 Allison Flat Apt. 573 Port Brian, OR 41488",Alexis.A@hotmail.com,6909016023,1
Janice,Snyder,1968-04-08,"96435 Guerra Coves Apt. 068 Calhounburgh, KS 04356",Janice.S@gmail.com,9457754442,4
Mary,Hayes,1959-11-13,"2775 Rivas Squares Apt. 484 East Anthony, MD 75780",Mary.H@outlook.com,7565921631,8
Kyle,Archer,1986-08-08,"27920 Rojas Union Apt. 597 New Danielle, AZ 35426",KyleArcher@aol.com,7476085617,1
Jamie,Palmer,1967-03-23,"8630 Davis Road Apt. 504 Kennethberg, SD 35332",Jamie.P@aol.com,9095263671,1
Katrina,Wright,1993-01-04,"871 Jennifer Hollow Suite 636 West Dylan, MI 36969",Katrina.W@outlook.com,8801376263,5
Christy,Schmitt,1970-07-18,Unit 6173 Box 8942 DPO AA 49029,Katrina.W@outlook.com,8865950370,1
Ryan,James,1983-11-17,"637 Davis Mountains New Stephanieberg, AK 91257",R.James@aol.com,7057505335,4
Jennifer,Bell,1990-12-30,"453 Megan Locks Apt. 438 Maystad, RI 75459",J.Bell@yahoo.com,7446444979,10
Matthew,Fleming,1965-02-21,"12822 Dean Fort Apt. 640 South Sophiamouth, NE 23889",MatthewFleming@live.com,7263074856,8
Laura,Quinn,1998-11-15,"749 Kim Trail Kennedyburgh, AR 07301",MatthewFleming@live.com,6753965588,3
Michael,Jackson,1991-03-03,"0166 Bentley Squares Apt. 871 East Antonio, IA 58724",Michael.J@gmail.com,6843545342,2
Rhonda,Thompson,1962-11-23,"9480 Gonzalez Garden West Tanyashire, CA 30338",RhondaThompson@outlook.com,7403578788,4
Ashley,Moran,2003-08-12,"0482 Christopher Junctions Suite 514 North Veronicahaven, LA 43066",Ashley.M@gmail.com,7490833397,1
Patrick,Wilson,1956-09-24,"85731 Steven Plaza Suite 445 Bowenmouth, NC 44355",Patrick.W@yahoo.com,6513484083,8
Taylor,Escobar,1985-12-05,"46143 Michael Trace Apt. 461 New Angela, SD 83792",TaylorEscobar@yahoo.com,8418079643,8
Victoria,Gutierrez,1957-11-24,"803 Jordan Brook Suite 106 Latoyaland, DE 44239",Victoria.G@outlook.com,7005608927,6
Kimberly,Williams,1983-05-20,"5532 Philip Islands Sheribury, NJ 20452",Victoria.G@outlook.com,8022671333,6
Alison,Alvarado,1959-06-22,"138 Sandra Curve Apt. 374 Steeleshire, IA 33004",Victoria.G@outlook.com,7785687159,5
Dylan,Thomas,1994-06-12,"0044 Matthew Loop Lake Christine, AR 69940",DylanThomas@aol.com,9786149389,7
Nicholas,Phelps,1969-01-27,"616 Lori Garden West Davidbury, GA 44727",Nicholas.P@yahoo.com,8838434556,8
Matthew,Castillo,1966-05-19,"0655 Luis Hill Apt. 990 East Markburgh, ME 80905",M.Castillo@outlook.com,9797028598,9
Donna,Mccann,2003-01-16,"76109 Kramer Oval Suite 624 Lake Ginachester, AL 75420",DonnaMccann@live.com,9654592773,3
Paul,Tucker,1997-06-14,Unit 9029 Box 6549 DPO AP 74018,DonnaMccann@live.com,7115850630,10
Sarah,Mendoza,1977-02-24,Unit 7992 Box 9776 DPO AE 94904,SarahMendoza@live.com,9934722212,3
Gabriella,Price,1988-11-08,"74674 Gerald Oval Walterland, NE 55876",G.Price@yahoo.com,8069253467,5
Aaron,Salas,1984-04-23,"0105 Darlene Vista New Mariastad, MA 46743",A.Salas@msn.com,7010823801,7
Kim,Brown,1953-11-21,Unit 1132 Box 4147 DPO AP 32804,KimBrown@live.com,6320963680,7
Justin,Tapia,2001-07-13,"8597 Armstrong Glens Apt. 436 Tammybury, SC 71570",J.Tapia@hotmail.com,8953711962,4
Cody,Moore,1957-05-14,"8121 Adam Drive North William, WY 14503",CodyMoore@live.com,6142511701,8
Chelsea,Moore,2000-06-25,"25235 Curry Loop Lake Marialand, MO 40574",CodyMoore@live.com,6632404310,3
Martha,Vance,1964-07-09,"PSC 6405, Box 2901 APO AA 71567",CodyMoore@live.com,7295789252,1
Brittany,Sullivan,1959-03-17,Unit 7326 Box 5388 DPO AA 01469,B.Sullivan@live.com,9850468310,7
Benjamin,Ramos,1996-10-07,"4469 Ronald Loop Apt. 721 Hectorbury, MT 90102",Benjamin.R@gmail.com,8299550261,8
Joseph,Rodgers,1981-12-11,"9816 Dickerson Branch Apt. 604 West Karenfurt, CT 46360",Benjamin.R@gmail.com,6648789529,5
Austin,Greene,1996-08-02,"2644 Hernandez Overpass Suite 930 Nicoleshire, TN 38218",Benjamin.R@gmail.com,7930271238,2
David,Jones,1980-05-27,"8942 Brooks Springs South Loriland, ID 46207",David.J@outlook.com,8790169139,8
Michelle,Johnson,1967-03-18,"357 Waller Park Walkershire, PA 44787",MichelleJohnson@hotmail.com,6377359993,10
Angela,Gutierrez,1987-07-12,"683 Joseph Flat Smithport, AL 73890",MichelleJohnson@hotmail.com,9601340410,5
Renee,Wright,1980-11-13,"000 Seth Street Suite 641 Annachester, CA 62056",Renee.W@gmail.com,7479649883,8
Caroline,Gonzalez,1992-12-24,"960 Katelyn Coves North Jessica, NY 82914",Caroline.G@live.com,7614141281,10
Dawn,Ferguson,2002-10-16,"264 Crystal Rue Port Donna, HI 85260",Dawn.F@outlook.com,7611591698,8
Jason,Williams,1997-01-20,"6247 Nicole Heights Suite 521 Ballhaven, AL 51354",J.Williams@yahoo.com,8113520068,5
Shelby,Wilson,1970-04-09,"8045 Stephanie Stravenue South Barbara, DE 87075",Shelby.W@outlook.com,6936847612,9
Dawn,Harmon,1980-02-07,"900 Christopher Mountains Justintown, NJ 09533",Shelby.W@outlook.com,7656053187,7
Taylor,Jordan,1981-06-17,"529 Jessica Ports Apt. 940 Lake Ryanshire, UT 29095",T.Jordan@live.com,9721691558,6
Darrell,Taylor,1958-09-15,"10470 Anthony Curve Suite 586 Hensonborough, AL 74708",T.Jordan@live.com,8473763756,6
Anthony,Wu,1987-07-28,"PSC 2055, Box 5002 APO AA 52050",Anthony.W@live.com,8625842979,6
Heidi,Glover,1995-01-19,"PSC 4832, Box 2507 APO AE 10652",Heidi.G@msn.com,7971342048,5
Robert,Horn,1999-06-04,"8855 Scott Island Amandamouth, ID 64348",Heidi.G@msn.com,7229518327,4
Kimberly,Taylor,1966-05-26,USCGC Rhodes FPO AE 63634,Kimberly.T@gmail.com,7744613653,3
Erin,Lawson,1962-10-22,"8325 Cooper Mall Suite 658 West Melissastad, CT 05210",E.Lawson@gmail.com,9746957288,3
Caroline,Jones,1955-06-11,"6230 Dwayne Highway East Rachelchester, WA 63139",CarolineJones@hotmail.com,6196572009,10
